{
"lengthUnit": "mil",
"remark": [],
"components": {
	"fields": ["COMPONENT_NO", "COMPONENT_NAME", "LAYER", "X_COORDINATE", "Y_COORDINATE", "ANGLE"],
	"rows": [
		[1, "BT1", "B", -815, 2090, 270],
		[2, "C1", "T", -335, 2200, 270],
		[3, "C2", "T", -335, 2382.029, 90],
		[4, "C5", "T", -1151.85, 2175.911, 0],
		[5, "C6", "T", -840.305, 2500, 180],
		[6, "MK1", "T", 290, 2050, 270],
		[7, "Q1", "T", -932.1175, 1880, 180],
		[8, "R1", "T", -197.394, 2390, 90],
		[9, "R3", "T", -500, 2385, 90],
		[10, "R4", "T", -197.394, 2215, 270],
		[11, "R5", "T", -197.394, 2030, 90],
		[12, "R6", "T", -500, 2215, 90],
		[13, "R7", "T", -197.394, 1850, 270],
		[14, "R8", "T", -300, 1850, 270],
		[15, "R9", "T", -500, 2035, 90],
		[16, "R10", "T", -750, 2205, 270],
		[17, "R11", "T", -650, 2207.971, 270],
		[18, "R12", "T", -1159.821, 2070, 0],
		[19, "R13", "T", -945, 2175.38, 0],
		[20, "R14", "T", -945, 2075, 0],
		[21, "R16", "T", -1030, 2500, 0],
		[22, "R17", "T", -500, 1825, 270],
		[23, "R18", "T", -820, 1775.8175, 180],
		[24, "S1", "T", -1868.6296, 2135.28, 90],
		[25, "SW1", "T", -1151.8643, 1790, 180],
		[26, "U1", "T", -705, 2386.5895, 0],
		[27, "U2", "T", -1155, 2400, 0],
		[28, "U3", "T", -698.0735, 1938.047, 0],
		[29, "U4", "T", -940, 2380, 0],
		[30, "PAD1", "T", -1192.4, 2354.58, 0],
		[31, "PAD2", "T", -1155, 2354.58, 0],
		[32, "PAD3", "T", -1117.6, 2354.58, 0],
		[33, "PAD4", "T", -1117.6, 2445.42, 0],
		[34, "PAD5", "T", -1111.3, 2175.911, 0],
		[35, "PAD6", "T", -1192.4, 2175.911, 0],
		[36, "PAD7", "T", -1121.781, 2070, 0],
		[37, "PAD8", "T", -1197.861, 2070, 0],
		[38, "PAD9", "T", -644.6785, 1878.992, 0],
		[39, "PAD10", "T", -644.6785, 1997.102, 0],
		[40, "PAD11", "T", -751.4685, 1938.042, 0],
		[41, "PAD12", "T", -197.394, 2428.04, 0],
		[42, "PAD13", "T", -197.394, 2351.96, 0],
		[43, "PAD14", "T", -197.394, 2176.96, 0],
		[44, "PAD15", "T", -197.394, 2253.04, 0],
		[45, "PAD16", "T", -197.394, 2068.04, 0],
		[46, "PAD17", "T", -197.394, 1991.96, 0],
		[47, "PAD18", "T", -197.394, 1811.96, 0],
		[48, "PAD19", "T", -197.394, 1888.04, 0],
		[49, "PAD20", "T", -300, 1811.96, 0],
		[50, "PAD21", "T", -300, 1888.04, 0],
		[51, "PAD22", "T", -335, 2422.579, 0],
		[52, "PAD23", "T", -335, 2341.479, 0],
		[53, "PAD24", "T", -335, 2159.45, 0],
		[54, "PAD25", "T", -335, 2240.55, 0],
		[55, "PAD26", "T", -500, 2424.37, 0],
		[56, "PAD27", "T", -500, 2345.63, 0],
		[57, "PAD28", "T", -500, 2074.37, 0],
		[58, "PAD29", "T", -500, 1995.63, 0],
		[59, "PAD30", "T", 201.42, 1750.79, 0],
		[60, "PAD31", "T", 122.67, 1750.79, 0],
		[61, "PAD32", "T", 43.93, 1750.79, 0],
		[62, "PAD33", "T", 43.93, 2349.21, 0],
		[63, "PAD34", "T", 122.67, 2349.21, 0],
		[64, "PAD35", "T", 201.42, 2349.21, 0],
		[65, "PAD36", "T", 280.17, 2349.21, 0],
		[66, "PAD37", "T", 358.89, 2349.21, 0],
		[67, "PAD38", "T", 437.64, 2349.21, 0],
		[68, "PAD39", "T", 516.38, 2349.21, 0],
		[69, "PAD40", "T", 595.12, 2349.21, 0],
		[70, "PAD41", "T", 595.12, 1750.79, 0],
		[71, "PAD42", "T", 516.38, 1750.79, 0],
		[72, "PAD43", "T", 437.63, 1750.79, 0],
		[73, "PAD44", "T", 358.89, 1750.79, 0],
		[74, "PAD45", "T", 280.15, 1750.79, 0],
		[75, "PAD46", "T", -500, 2254.37, 0],
		[76, "PAD47", "T", -500, 2175.63, 0],
		[77, "PAD48", "T", -750, 2165.63, 0],
		[78, "PAD49", "T", -750, 2244.37, 0],
		[79, "PAD50", "T", -650, 2168.601, 0],
		[80, "PAD51", "T", -650, 2247.341, 0],
		[81, "PAD52", "T", -764.055, 2425.9595, 0],
		[82, "PAD53", "T", -764.055, 2386.5895, 0],
		[83, "PAD54", "T", -764.055, 2347.2195, 0],
		[84, "PAD55", "T", -645.945, 2425.9595, 0],
		[85, "PAD56", "T", -645.945, 2386.5895, 0],
		[86, "PAD57", "T", -892.755, 2342.6, 0],
		[87, "PAD58", "T", -892.755, 2380, 0],
		[88, "PAD59", "T", -892.755, 2417.4, 0],
		[89, "PAD60", "T", -987.245, 2417.4, 0],
		[90, "PAD61", "T", -987.245, 2380, 0],
		[91, "PAD62", "T", -987.245, 2342.6, 0],
		[92, "PAD63", "T", -905.63, 2175.38, 0],
		[93, "PAD64", "T", -984.37, 2175.38, 0],
		[94, "PAD65", "T", -905.63, 2075, 0],
		[95, "PAD66", "T", -984.37, 2075, 0],
		[96, "PAD67", "T", -1071.7443, 1790, 0],
		[97, "PAD68", "T", -1231.9843, 1790, 0],
		[98, "PAD69", "B", 811.5, 2090, 0],
		[99, "PAD70", "B", -2441.5, 2090, 0],
		[100, "PAD71", "T", -1868.6296, 2285.282, 0],
		[101, "PAD71", "B", -1868.6296, 2285.282, 0],
		[102, "PAD72", "T", -1868.6296, 2185.282, 0],
		[103, "PAD72", "B", -1868.6296, 2185.282, 0],
		[104, "PAD73", "T", -1868.6296, 2085.282, 0],
		[105, "PAD73", "B", -1868.6296, 2085.282, 0],
		[106, "PAD74", "T", -1868.6296, 1985.282, 0],
		[107, "PAD74", "B", -1868.6296, 1985.282, 0],
		[108, "PAD75", "T", -973.6575, 1917.6, 0],
		[109, "PAD76", "T", -973.6575, 1842.4, 0],
		[110, "PAD77", "T", -890.5775, 1880, 0],
		[111, "PAD78", "T", -990.63, 2500, 0],
		[112, "PAD79", "T", -1069.37, 2500, 0],
		[113, "PAD80", "T", -879.675, 2500, 0],
		[114, "PAD81", "T", -800.935, 2500, 0],
		[115, "PAD82", "T", -500, 1785.63, 0],
		[116, "PAD83", "T", -500, 1864.37, 0],
		[117, "PAD84", "T", -859.37, 1775.8175, 0],
		[118, "PAD85", "T", -780.63, 1775.8175, 0]
	]
},
"pins": {
	"fields": ["PIN_NO", "PIN_NAME", "PIN_X", "PIN_Y", "LAYER", "PIN_TYPE", "NET_NAME", "NET_TYPE", "PAD_SHAPE", "PAD_SIZEX", "PAD_SIZEY", "HOLE_SIZE", "HOLE_LEN", "PAD_ANGLE"],
	"rows": [
		[1, "BT1_1", 811.5, 2090, "B", "SMD", "GND", "GND", "R", 300, 200, 0, 0, 270],
		[2, "BT1_2", -2441.5, 2090, "B", "SMD", "BAT", "", "R", 300, 200, 0, 0, 270],
		[3, "C1_1", -335, 2240.55, "T", "SMD", "GND", "GND", "R", 55.512, 53.15, 0, 0, 270],
		[4, "C1_2", -335, 2159.45, "T", "SMD", "3V3", "", "R", 55.512, 53.15, 0, 0, 270],
		[5, "C2_1", -335, 2341.479, "T", "SMD", "GND", "GND", "R", 55.512, 53.15, 0, 0, 90],
		[6, "C2_2", -335, 2422.579, "T", "SMD", "NRST", "", "R", 55.512, 53.15, 0, 0, 90],
		[7, "C5_1", -1192.4, 2175.911, "T", "SMD", "PGND", "", "R", 55.512, 53.15, 0, 0, 0],
		[8, "C5_2", -1111.3, 2175.911, "T", "SMD", "$1N8419", "", "R", 55.512, 53.15, 0, 0, 0],
		[9, "C6_1", -800.935, 2500, "T", "SMD", "GND", "GND", "R", 55.512, 53.15, 0, 0, 180],
		[10, "C6_2", -879.675, 2500, "T", "SMD", "GPIO13", "", "R", 55.512, 53.15, 0, 0, 180],
		[11, "MK1_1", 595.12, 2349.21, "T", "SMD", "NRST", "", "R", 39.37, 98.425, 0, 0, 0],
		[12, "MK1_2", 516.38, 2349.21, "T", "SMD", "ADC", "", "R", 39.37, 98.425, 0, 0, 0],
		[13, "MK1_3", 437.64, 2349.21, "T", "SMD", "EN", "", "R", 39.37, 98.425, 0, 0, 0],
		[14, "MK1_4", 358.89, 2349.21, "T", "SMD", "GPIO16", "", "R", 39.37, 98.425, 0, 0, 0],
		[15, "MK1_5", 280.17, 2349.21, "T", "SMD", "GPIO14", "", "R", 39.37, 98.425, 0, 0, 0],
		[16, "MK1_6", 201.42, 2349.21, "T", "SMD", "GPIO12", "", "R", 39.37, 98.425, 0, 0, 0],
		[17, "MK1_7", 122.67, 2349.21, "T", "SMD", "GPIO13", "", "R", 39.37, 98.425, 0, 0, 0],
		[18, "MK1_8", 43.93, 2349.21, "T", "SMD", "3V3", "", "R", 39.37, 98.425, 0, 0, 0],
		[19, "MK1_9", -15.12, 2246.86, "T", "SMD", "NET_1", "", "R", 70.866, 39.37, 0, 0, 0],
		[20, "MK1_10", -15.12, 2168.12, "T", "SMD", "NET_2", "", "R", 70.866, 39.37, 0, 0, 0],
		[21, "MK1_11", -15.12, 2089.38, "T", "SMD", "NET_3", "", "R", 70.866, 39.37, 0, 0, 0],
		[22, "MK1_12", -15.12, 2010.64, "T", "SMD", "NET_4", "", "R", 70.866, 39.37, 0, 0, 0],
		[23, "MK1_13", -15.12, 1931.9, "T", "SMD", "NET_5", "", "R", 70.866, 39.37, 0, 0, 0],
		[24, "MK1_14", -15.12, 1853.16, "T", "SMD", "NET_6", "", "R", 70.866, 39.37, 0, 0, 0],
		[25, "MK1_15", 43.93, 1750.79, "T", "SMD", "GND", "GND", "R", 39.37, 98.425, 0, 0, 0],
		[26, "MK1_16", 122.67, 1750.79, "T", "SMD", "GPIO15", "", "R", 39.37, 98.425, 0, 0, 0],
		[27, "MK1_17", 201.42, 1750.79, "T", "SMD", "GPIO2", "", "R", 39.37, 98.425, 0, 0, 0],
		[28, "MK1_18", 280.15, 1750.79, "T", "SMD", "GPIO0", "", "R", 39.37, 98.425, 0, 0, 0],
		[29, "MK1_19", 358.89, 1750.79, "T", "SMD", "SDA", "", "R", 39.37, 98.425, 0, 0, 0],
		[30, "MK1_20", 437.63, 1750.79, "T", "SMD", "SCL", "", "R", 39.37, 98.425, 0, 0, 0],
		[31, "MK1_21", 516.38, 1750.79, "T", "SMD", "RXD0", "", "R", 39.37, 98.425, 0, 0, 0],
		[32, "MK1_22", 595.12, 1750.79, "T", "SMD", "TXD0", "", "R", 39.37, 98.425, 0, 0, 0],
		[33, "Q1_1", -973.6575, 1917.6, "T", "SMD", "DRV", "", "R", 23.622, 35.827, 0, 0, 270],
		[34, "Q1_2", -973.6575, 1842.4, "T", "SMD", "BAT", "", "R", 23.622, 35.827, 0, 0, 270],
		[35, "Q1_3", -890.5775, 1880, "T", "SMD", "BAT_MOS", "", "R", 23.622, 35.827, 0, 0, 270],
		[36, "R1_1", -197.394, 2351.96, "T", "SMD", "3V3", "", "R", 44.588, 54.213, 0, 0, 90],
		[37, "R1_2", -197.394, 2428.04, "T", "SMD", "GPIO0", "", "R", 44.588, 54.213, 0, 0, 90],
		[38, "R3_1", -500, 2345.63, "T", "SMD", "$1N56012", "", "R", 44.588, 54.213, 0, 0, 90],
		[39, "R3_2", -500, 2424.37, "T", "SMD", "BAT_MOS", "", "R", 44.588, 54.213, 0, 0, 90],
		[40, "R4_1", -197.394, 2253.04, "T", "SMD", "3V3", "", "R", 44.588, 54.213, 0, 0, 270],
		[41, "R4_2", -197.394, 2176.96, "T", "SMD", "GPIO2", "", "R", 44.588, 54.213, 0, 0, 270],
		[42, "R5_1", -197.394, 1991.96, "T", "SMD", "3V3", "", "R", 44.588, 54.213, 0, 0, 90],
		[43, "R5_2", -197.394, 2068.04, "T", "SMD", "EN", "", "R", 44.588, 54.213, 0, 0, 90],
		[44, "R6_1", -500, 2175.63, "T", "SMD", "ADC", "", "R", 44.588, 54.213, 0, 0, 90],
		[45, "R6_2", -500, 2254.37, "T", "SMD", "$1N56012", "", "R", 44.588, 54.213, 0, 0, 90],
		[46, "R7_1", -197.394, 1888.04, "T", "SMD", "3V3", "", "R", 44.588, 54.213, 0, 0, 270],
		[47, "R7_2", -197.394, 1811.96, "T", "SMD", "NRST", "", "R", 44.588, 54.213, 0, 0, 270],
		[48, "R8_1", -300, 1888.04, "T", "SMD", "GND", "GND", "R", 44.588, 54.213, 0, 0, 270],
		[49, "R8_2", -300, 1811.96, "T", "SMD", "GPIO15", "", "R", 44.588, 54.213, 0, 0, 270],
		[50, "R9_1", -500, 1995.63, "T", "SMD", "GND", "GND", "R", 44.588, 54.213, 0, 0, 90],
		[51, "R9_2", -500, 2074.37, "T", "SMD", "ADC", "", "R", 44.588, 54.213, 0, 0, 90],
		[52, "R10_1", -750, 2244.37, "T", "SMD", "SDA", "", "R", 44.588, 54.213, 0, 0, 270],
		[53, "R10_2", -750, 2165.63, "T", "SMD", "3V3", "", "R", 44.588, 54.213, 0, 0, 270],
		[54, "R11_1", -650, 2247.341, "T", "SMD", "SCL", "", "R", 44.588, 54.213, 0, 0, 270],
		[55, "R11_2", -650, 2168.601, "T", "SMD", "3V3", "", "R", 44.588, 54.213, 0, 0, 270],
		[56, "R12_1", -1197.861, 2070, "T", "SMD", "BAT", "", "R", 44.588, 54.213, 0, 0, 0],
		[57, "R12_2", -1121.781, 2070, "T", "SMD", "$1N8419", "", "R", 44.588, 54.213, 0, 0, 0],
		[58, "R13_1", -984.37, 2175.38, "T", "SMD", "GND", "GND", "R", 44.588, 54.213, 0, 0, 0],
		[59, "R13_2", -905.63, 2175.38, "T", "SMD", "DELAY", "", "R", 44.588, 54.213, 0, 0, 0],
		[60, "R14_1", -984.37, 2075, "T", "SMD", "GND", "GND", "R", 44.588, 54.213, 0, 0, 0],
		[61, "R14_2", -905.63, 2075, "T", "SMD", "DELAY", "", "R", 44.588, 54.213, 0, 0, 0],
		[62, "R16_1", -1069.37, 2500, "T", "SMD", "GND", "GND", "R", 44.588, 54.213, 0, 0, 0],
		[63, "R16_2", -990.63, 2500, "T", "SMD", "GPIO13", "", "R", 44.588, 54.213, 0, 0, 0],
		[64, "R17_1", -500, 1864.37, "T", "SMD", "GND", "GND", "R", 44.588, 54.213, 0, 0, 270],
		[65, "R17_2", -500, 1785.63, "T", "SMD", "GPIO13", "", "R", 44.588, 54.213, 0, 0, 270],
		[66, "R18_1", -780.63, 1775.8175, "T", "SMD", "DRV", "", "R", 44.588, 54.213, 0, 0, 180],
		[67, "R18_2", -859.37, 1775.8175, "T", "SMD", "BAT", "", "R", 44.588, 54.213, 0, 0, 180],
		[68, "S1_1", -1868.6296, 1985.282, "T", "DIP", "SCL", "", "R", 66.929, 66.929, 43.308, 43.308, 90],
		[69, "S1_1", -1868.6296, 1985.282, "B", "DIP", "SCL", "", "R", 66.929, 66.929, 43.308, 43.308, 90],
		[70, "S1_2", -1868.6296, 2085.282, "T", "DIP", "SDA", "", "C", 66.929, 66.929, 43.308, 43.308, 90],
		[71, "S1_2", -1868.6296, 2085.282, "B", "DIP", "SDA", "", "C", 66.929, 66.929, 43.308, 43.308, 90],
		[72, "S1_3", -1868.6296, 2185.282, "T", "DIP", "3V3", "", "C", 66.929, 66.929, 43.308, 43.308, 90],
		[73, "S1_3", -1868.6296, 2185.282, "B", "DIP", "3V3", "", "C", 66.929, 66.929, 43.308, 43.308, 90],
		[74, "S1_4", -1868.6296, 2285.282, "T", "DIP", "GND", "GND", "C", 66.929, 66.929, 43.308, 43.308, 90],
		[75, "S1_4", -1868.6296, 2285.282, "B", "DIP", "GND", "GND", "C", 66.929, 66.929, 43.308, 43.308, 90],
		[76, "SW1_1", -1071.7443, 1790, "T", "SMD", "DELAY", "", "R", 60.236, 53.543, 0, 0, 180],
		[77, "SW1_2", -1231.9843, 1790, "T", "SMD", "BAT", "", "R", 60.236, 53.543, 0, 0, 180],
		[78, "U1_1", -764.055, 2425.9595, "T", "SMD", "SDA", "", "R", 19.685, 31.496, 0, 0, 90],
		[79, "U1_2", -764.055, 2386.5895, "T", "SMD", "GND", "GND", "R", 19.685, 31.496, 0, 0, 90],
		[80, "U1_3", -764.055, 2347.2195, "T", "SMD", "GND", "GND", "R", 19.685, 31.496, 0, 0, 90],
		[81, "U1_4", -645.945, 2347.2195, "T", "SMD", "NET_7", "", "R", 19.685, 31.496, 0, 0, 90],
		[82, "U1_5", -645.945, 2386.5895, "T", "SMD", "3V3", "", "R", 19.685, 31.496, 0, 0, 90],
		[83, "U1_6", -645.945, 2425.9595, "T", "SMD", "SCL", "", "R", 19.685, 31.496, 0, 0, 90],
		[84, "U1_7", -704.975, 2386.7395, "T", "SMD", "NET_8", "", "R", 94.488, 62.992, 0, 0, 90],
		[85, "U2_1", -1192.4, 2354.58, "T", "SMD", "PGND", "", "R", 19.291, 45.551, 0, 0, 0],
		[86, "U2_2", -1155, 2354.58, "T", "SMD", "PGND", "", "R", 19.291, 45.551, 0, 0, 0],
		[87, "U2_3", -1117.6, 2354.58, "T", "SMD", "$1N8419", "", "R", 19.291, 45.551, 0, 0, 0],
		[88, "U2_4", -1117.6, 2445.42, "T", "SMD", "GND", "GND", "R", 19.291, 46.26, 0, 0, 0],
		[89, "U2_5", -1192.4, 2445.42, "T", "SMD", "NET_9", "", "R", 19.291, 46.26, 0, 0, 0],
		[90, "U3_1", -644.6785, 1878.992, "T", "SMD", "GND", "GND", "R", 62.008, 26.457, 0, 0, 0],
		[91, "U3_2", -751.4685, 1938.042, "T", "SMD", "BAT_MOS", "", "P", 211.685, 74.804, 0, 0, 0],
		[92, "U3_3", -644.6785, 1997.102, "T", "SMD", "3V3", "", "R", 62.008, 26.457, 0, 0, 0],
		[93, "U4_1", -892.755, 2342.6, "T", "SMD", "BAT", "", "R", 31.496, 20.945, 0, 0, 0],
		[94, "U4_2", -892.755, 2380, "T", "SMD", "GND", "GND", "R", 31.496, 20.945, 0, 0, 0],
		[95, "U4_3", -892.755, 2417.4, "T", "SMD", "DELAY", "", "R", 31.496, 20.945, 0, 0, 0],
		[96, "U4_4", -987.245, 2417.4, "T", "SMD", "GPIO13", "", "R", 31.496, 20.945, 0, 0, 0],
		[97, "U4_5", -987.245, 2380, "T", "SMD", "DRV", "", "R", 31.496, 20.945, 0, 0, 0],
		[98, "U4_6", -987.245, 2342.6, "T", "SMD", "BAT", "", "R", 31.496, 20.945, 0, 0, 0],
		[99, "PAD1_1", -1192.4, 2354.58, "T", "SMD", "PGND", "", "R", 19.291, 45.551, 0, 0, 0],
		[100, "PAD2_2", -1155, 2354.58, "T", "SMD", "PGND", "", "R", 19.291, 45.551, 0, 0, 0],
		[101, "PAD3_3", -1117.6, 2354.58, "T", "SMD", "$1N8419", "", "R", 19.291, 45.551, 0, 0, 0],
		[102, "PAD4_4", -1117.6, 2445.42, "T", "SMD", "GND", "GND", "R", 19.291, 46.26, 0, 0, 0],
		[103, "PAD5_2", -1111.3, 2175.911, "T", "SMD", "$1N8419", "", "R", 55.512, 53.15, 0, 0, 0],
		[104, "PAD6_1", -1192.4, 2175.911, "T", "SMD", "PGND", "", "R", 55.512, 53.15, 0, 0, 0],
		[105, "PAD7_2", -1121.781, 2070, "T", "SMD", "$1N8419", "", "R", 44.588, 54.213, 0, 0, 0],
		[106, "PAD8_1", -1197.861, 2070, "T", "SMD", "BAT", "", "R", 44.588, 54.213, 0, 0, 0],
		[107, "PAD9_1", -644.6785, 1878.992, "T", "SMD", "GND", "GND", "R", 62.008, 26.457, 0, 0, 0],
		[108, "PAD10_3", -644.6785, 1997.102, "T", "SMD", "3V3", "", "R", 62.008, 26.457, 0, 0, 0],
		[109, "PAD11_2", -751.4685, 1938.042, "T", "SMD", "BAT_MOS", "", "P", 211.685, 74.804, 0, 0, 0],
		[110, "PAD12_2", -197.394, 2428.04, "T", "SMD", "GPIO0", "", "R", 44.588, 54.213, 0, 0, 90],
		[111, "PAD13_1", -197.394, 2351.96, "T", "SMD", "3V3", "", "R", 44.588, 54.213, 0, 0, 90],
		[112, "PAD14_2", -197.394, 2176.96, "T", "SMD", "GPIO2", "", "R", 44.588, 54.213, 0, 0, 270],
		[113, "PAD15_1", -197.394, 2253.04, "T", "SMD", "3V3", "", "R", 44.588, 54.213, 0, 0, 270],
		[114, "PAD16_2", -197.394, 2068.04, "T", "SMD", "EN", "", "R", 44.588, 54.213, 0, 0, 90],
		[115, "PAD17_1", -197.394, 1991.96, "T", "SMD", "3V3", "", "R", 44.588, 54.213, 0, 0, 90],
		[116, "PAD18_2", -197.394, 1811.96, "T", "SMD", "NRST", "", "R", 44.588, 54.213, 0, 0, 270],
		[117, "PAD19_1", -197.394, 1888.04, "T", "SMD", "3V3", "", "R", 44.588, 54.213, 0, 0, 270],
		[118, "PAD20_2", -300, 1811.96, "T", "SMD", "GPIO15", "", "R", 44.588, 54.213, 0, 0, 270],
		[119, "PAD21_1", -300, 1888.04, "T", "SMD", "GND", "GND", "R", 44.588, 54.213, 0, 0, 270],
		[120, "PAD22_2", -335, 2422.579, "T", "SMD", "NRST", "", "R", 55.512, 53.15, 0, 0, 90],
		[121, "PAD23_1", -335, 2341.479, "T", "SMD", "GND", "GND", "R", 55.512, 53.15, 0, 0, 90],
		[122, "PAD24_2", -335, 2159.45, "T", "SMD", "3V3", "", "R", 55.512, 53.15, 0, 0, 270],
		[123, "PAD25_1", -335, 2240.55, "T", "SMD", "GND", "GND", "R", 55.512, 53.15, 0, 0, 270],
		[124, "PAD26_2", -500, 2424.37, "T", "SMD", "BAT_MOS", "", "R", 44.588, 54.213, 0, 0, 90],
		[125, "PAD27_1", -500, 2345.63, "T", "SMD", "$1N56012", "", "R", 44.588, 54.213, 0, 0, 90],
		[126, "PAD28_2", -500, 2074.37, "T", "SMD", "ADC", "", "R", 44.588, 54.213, 0, 0, 90],
		[127, "PAD29_1", -500, 1995.63, "T", "SMD", "GND", "GND", "R", 44.588, 54.213, 0, 0, 90],
		[128, "PAD30_17", 201.42, 1750.79, "T", "SMD", "GPIO2", "", "R", 39.37, 98.425, 0, 0, 0],
		[129, "PAD31_16", 122.67, 1750.79, "T", "SMD", "GPIO15", "", "R", 39.37, 98.425, 0, 0, 0],
		[130, "PAD32_15", 43.93, 1750.79, "T", "SMD", "GND", "GND", "R", 39.37, 98.425, 0, 0, 0],
		[131, "PAD33_8", 43.93, 2349.21, "T", "SMD", "3V3", "", "R", 39.37, 98.425, 0, 0, 0],
		[132, "PAD34_7", 122.67, 2349.21, "T", "SMD", "GPIO13", "", "R", 39.37, 98.425, 0, 0, 0],
		[133, "PAD35_6", 201.42, 2349.21, "T", "SMD", "GPIO12", "", "R", 39.37, 98.425, 0, 0, 0],
		[134, "PAD36_5", 280.17, 2349.21, "T", "SMD", "GPIO14", "", "R", 39.37, 98.425, 0, 0, 0],
		[135, "PAD37_4", 358.89, 2349.21, "T", "SMD", "GPIO16", "", "R", 39.37, 98.425, 0, 0, 0],
		[136, "PAD38_3", 437.64, 2349.21, "T", "SMD", "EN", "", "R", 39.37, 98.425, 0, 0, 0],
		[137, "PAD39_2", 516.38, 2349.21, "T", "SMD", "ADC", "", "R", 39.37, 98.425, 0, 0, 0],
		[138, "PAD40_1", 595.12, 2349.21, "T", "SMD", "NRST", "", "R", 39.37, 98.425, 0, 0, 0],
		[139, "PAD41_22", 595.12, 1750.79, "T", "SMD", "TXD0", "", "R", 39.37, 98.425, 0, 0, 0],
		[140, "PAD42_21", 516.38, 1750.79, "T", "SMD", "RXD0", "", "R", 39.37, 98.425, 0, 0, 0],
		[141, "PAD43_20", 437.63, 1750.79, "T", "SMD", "SCL", "", "R", 39.37, 98.425, 0, 0, 0],
		[142, "PAD44_19", 358.89, 1750.79, "T", "SMD", "SDA", "", "R", 39.37, 98.425, 0, 0, 0],
		[143, "PAD45_18", 280.15, 1750.79, "T", "SMD", "GPIO0", "", "R", 39.37, 98.425, 0, 0, 0],
		[144, "PAD46_2", -500, 2254.37, "T", "SMD", "$1N56012", "", "R", 44.588, 54.213, 0, 0, 90],
		[145, "PAD47_1", -500, 2175.63, "T", "SMD", "ADC", "", "R", 44.588, 54.213, 0, 0, 90],
		[146, "PAD48_2", -750, 2165.63, "T", "SMD", "3V3", "", "R", 44.588, 54.213, 0, 0, 270],
		[147, "PAD49_1", -750, 2244.37, "T", "SMD", "SDA", "", "R", 44.588, 54.213, 0, 0, 270],
		[148, "PAD50_2", -650, 2168.601, "T", "SMD", "3V3", "", "R", 44.588, 54.213, 0, 0, 270],
		[149, "PAD51_1", -650, 2247.341, "T", "SMD", "SCL", "", "R", 44.588, 54.213, 0, 0, 270],
		[150, "PAD52_1", -764.055, 2425.9595, "T", "SMD", "SDA", "", "R", 19.685, 31.496, 0, 0, 90],
		[151, "PAD53_2", -764.055, 2386.5895, "T", "SMD", "GND", "GND", "R", 19.685, 31.496, 0, 0, 90],
		[152, "PAD54_3", -764.055, 2347.2195, "T", "SMD", "GND", "GND", "R", 19.685, 31.496, 0, 0, 90],
		[153, "PAD55_6", -645.945, 2425.9595, "T", "SMD", "SCL", "", "R", 19.685, 31.496, 0, 0, 90],
		[154, "PAD56_5", -645.945, 2386.5895, "T", "SMD", "3V3", "", "R", 19.685, 31.496, 0, 0, 90],
		[155, "PAD57_1", -892.755, 2342.6, "T", "SMD", "BAT", "", "R", 31.496, 20.945, 0, 0, 0],
		[156, "PAD58_2", -892.755, 2380, "T", "SMD", "GND", "GND", "R", 31.496, 20.945, 0, 0, 0],
		[157, "PAD59_3", -892.755, 2417.4, "T", "SMD", "DELAY", "", "R", 31.496, 20.945, 0, 0, 0],
		[158, "PAD60_4", -987.245, 2417.4, "T", "SMD", "GPIO13", "", "R", 31.496, 20.945, 0, 0, 0],
		[159, "PAD61_5", -987.245, 2380, "T", "SMD", "DRV", "", "R", 31.496, 20.945, 0, 0, 0],
		[160, "PAD62_6", -987.245, 2342.6, "T", "SMD", "BAT", "", "R", 31.496, 20.945, 0, 0, 0],
		[161, "PAD63_2", -905.63, 2175.38, "T", "SMD", "DELAY", "", "R", 44.588, 54.213, 0, 0, 0],
		[162, "PAD64_1", -984.37, 2175.38, "T", "SMD", "GND", "GND", "R", 44.588, 54.213, 0, 0, 0],
		[163, "PAD65_2", -905.63, 2075, "T", "SMD", "DELAY", "", "R", 44.588, 54.213, 0, 0, 0],
		[164, "PAD66_1", -984.37, 2075, "T", "SMD", "GND", "GND", "R", 44.588, 54.213, 0, 0, 0],
		[165, "PAD67_1", -1071.7443, 1790, "T", "SMD", "DELAY", "", "R", 60.236, 53.543, 0, 0, 180],
		[166, "PAD68_2", -1231.9843, 1790, "T", "SMD", "BAT", "", "R", 60.236, 53.543, 0, 0, 180],
		[167, "PAD69_1", 811.5, 2090, "B", "SMD", "GND", "GND", "R", 300, 200, 0, 0, 270],
		[168, "PAD70_2", -2441.5, 2090, "B", "SMD", "BAT", "", "R", 300, 200, 0, 0, 270],
		[169, "PAD71_4", -1868.6296, 2285.282, "T", "DIP", "GND", "GND", "C", 66.929, 66.929, 43.308, 43.308, 90],
		[170, "PAD71_4", -1868.6296, 2285.282, "B", "DIP", "GND", "GND", "C", 66.929, 66.929, 43.308, 43.308, 90],
		[171, "PAD72_3", -1868.6296, 2185.282, "T", "DIP", "3V3", "", "C", 66.929, 66.929, 43.308, 43.308, 90],
		[172, "PAD72_3", -1868.6296, 2185.282, "B", "DIP", "3V3", "", "C", 66.929, 66.929, 43.308, 43.308, 90],
		[173, "PAD73_2", -1868.6296, 2085.282, "T", "DIP", "SDA", "", "C", 66.929, 66.929, 43.308, 43.308, 90],
		[174, "PAD73_2", -1868.6296, 2085.282, "B", "DIP", "SDA", "", "C", 66.929, 66.929, 43.308, 43.308, 90],
		[175, "PAD74_1", -1868.6296, 1985.282, "T", "DIP", "SCL", "", "R", 66.929, 66.929, 43.308, 43.308, 90],
		[176, "PAD74_1", -1868.6296, 1985.282, "B", "DIP", "SCL", "", "R", 66.929, 66.929, 43.308, 43.308, 90],
		[177, "PAD75_1", -973.6575, 1917.6, "T", "SMD", "DRV", "", "R", 23.622, 35.827, 0, 0, 270],
		[178, "PAD76_2", -973.6575, 1842.4, "T", "SMD", "BAT", "", "R", 23.622, 35.827, 0, 0, 270],
		[179, "PAD77_3", -890.5775, 1880, "T", "SMD", "BAT_MOS", "", "R", 23.622, 35.827, 0, 0, 270],
		[180, "PAD78_2", -990.63, 2500, "T", "SMD", "GPIO13", "", "R", 44.588, 54.213, 0, 0, 0],
		[181, "PAD79_1", -1069.37, 2500, "T", "SMD", "GND", "GND", "R", 44.588, 54.213, 0, 0, 0],
		[182, "PAD80_2", -879.675, 2500, "T", "SMD", "GPIO13", "", "R", 55.512, 53.15, 0, 0, 180],
		[183, "PAD81_1", -800.935, 2500, "T", "SMD", "GND", "GND", "R", 55.512, 53.15, 0, 0, 180],
		[184, "PAD82_2", -500, 1785.63, "T", "SMD", "GPIO13", "", "R", 44.588, 54.213, 0, 0, 270],
		[185, "PAD83_1", -500, 1864.37, "T", "SMD", "GND", "GND", "R", 44.588, 54.213, 0, 0, 270],
		[186, "PAD84_2", -859.37, 1775.8175, "T", "SMD", "BAT", "", "R", 44.588, 54.213, 0, 0, 180],
		[187, "PAD85_1", -780.63, 1775.8175, "T", "SMD", "DRV", "", "R", 44.588, 54.213, 0, 0, 180]
	]
}
}